"","A'","C'","D'","E'","F'","G'","H'","I'","K'","L'","M'","N'","P'","Q'","R'","S'","T'","V'","W'","Y'"
"A",67127,14742,43389,56512,34188,45605,19162,50231,50536,69547,20132,36506,51479,37677,41809,67939,52699,56459,7539,22368
"C",15825,6742,14718,16048,11783,16254,6292,14839,13901,21499,5313,11335,13533,11572,13952,22358,14313,16232,2805,7706
"D",46303,12729,50015,62382,32349,47537,15633,39480,38730,57837,15779,29689,32054,26748,35337,53699,33996,48759,8226,22771
"E",55345,15332,53064,73431,32552,36395,21175,53823,78601,70635,24209,48937,36975,38852,46556,59224,51075,49007,9551,25577
"F",35662,13140,34408,36585,28947,38088,14080,34330,28946,54538,12806,27209,24094,22560,27636,46672,30924,39559,7069,21057
"G",47508,14039,38310,43139,33147,51564,16379,40149,44064,51849,16580,35776,31071,27979,36036,60820,41384,43322,8456,25715
"H",16394,6651,14964,17682,15971,17204,11781,17011,15049,28273,6604,13779,16091,15376,18388,23665,14973,20628,3661,10513
"I",51101,16785,46067,51537,38751,43111,17882,43729,39398,68680,15887,33886,41561,30654,41429,63463,42298,52743,8416,24192
"K",45480,17029,42693,60083,32600,31899,17566,50389,70086,72716,22369,43806,37465,32180,46503,62607,48752,45552,9941,25725
"L",74150,21027,57827,74779,51640,51437,26765,67255,74566,96260,25772,53576,57401,47782,60544,86249,62846,66350,10682,30459
"M",23171,6688,18572,23357,15283,15646,7336,20522,23035,28533,10634,17987,15760,13677,18594,29776,20605,18918,3407,9780
"N",38506,12676,34542,41472,28555,45531,14446,35905,31911,52894,14390,30658,29575,27312,32833,52564,32150,41607,6956,21588
"P",46293,9418,31575,43529,25406,36702,13261,39029,38447,49918,15878,30014,48782,29463,31566,61586,48497,43972,5210,17902
"Q",33495,11907,21873,33015,24688,22930,14851,32483,39878,53209,16727,30038,29521,38605,30164,39212,29547,30049,6602,17677
"R",40771,12763,35756,44904,29218,34035,17990,41149,51023,58599,16897,36108,31471,30982,49561,53925,35875,40129,7358,20089
"S",71411,20032,57179,65973,44882,60877,22754,62199,58836,84541,24739,50594,56672,42514,54812,107054,78273,63878,10258,28811
"T",51898,16892,38873,46636,33088,41506,15101,49315,40704,61842,17823,33969,47506,26835,34581,73795,57819,56106,8369,22240
"V",56226,16799,47340,58818,39126,40719,19408,49614,48411,70896,17713,36533,42818,33858,39448,61697,48895,53148,8549,24953
"W",7866,2852,7151,7399,7084,5844,3268,9652,11104,12937,4411,8379,5162,5679,7835,10455,8988,7064,2094,5034
"Y",22642,9566,23005,24686,21163,25135,10452,22209,20687,34845,9171,19350,18201,17648,22230,31291,21810,23413,5428,15107
