"","A.","C.","D.","E.","F.","G.","H.","I.","K.","L.","M.","N.","P.","Q.","R.","S.","T.","V.","W.","Y."
"A",0.00514738330932571,0.00113043521602454,0.0033271234288488,0.00433341167602625,0.0026215791049686,0.00349704911320033,0.0014693664095416,0.00385177664741072,0.00387516443338871,0.00533295197183957,0.00154374723707815,0.0027993262784013,0.00394747486675672,0.00288912004030367,0.00320596702935627,0.005209648496913,0.00404102601066866,0.00432934756895467,0.00057810006061654,0.00171520654673972
"C",0.00121348102656277,0.000516985092011768,0.00112859486565251,0.00123058094876963,0.000903535351405318,0.00124637728946296,0.000482478522536049,0.0011378732987782,0.0010659462717377,0.00164857052701884,0.000407407563609985,0.000869182144460603,0.00103772756603311,0.000887355604384481,0.00106985701627828,0.00171443973408471,0.00109753895312436,0.00124469030162192,0.00021509094973198,0.000590905831955307
"D",0.00355057263652045,0.000976075828569829,0.00383521349406238,0.00478353070452063,0.00248056225771116,0.00364519731814942,0.00119875822358647,0.00302737636200305,0.00296986541287686,0.00443501435281587,0.0012099536883497,0.00227659009147692,0.00245794128438819,0.00205107048963672,0.00270968587902994,0.00411770727617026,0.00260685630199229,0.00373890182459237,0.000630780090016138,0.00174610909673687
"E",0.00424392463918589,0.00117567716267049,0.00406901467257675,0.00563078200704778,0.00249612855460799,0.00279081465793063,0.00162372579699632,0.00412721575309246,0.00602722414969103,0.00541638118870531,0.00185637675652816,0.00375255108985166,0.00283528979192155,0.00297922052726805,0.00356997299669235,0.00454137126806659,0.00391649563549407,0.00375791877843677,0.000732382766805754,0.00196127672773435
"F",0.00273460729031796,0.00100759182869099,0.00263844898337895,0.00280538409837593,0.00221969259247473,0.00292063604042483,0.00107967221826249,0.00263246784466983,0.00221961591120923,0.0041820428579261,0.000981980286013452,0.00208642055303295,0.00184755841099548,0.00172992934971603,0.00211916345340214,0.00357886802349054,0.00237129145437139,0.00303343418197768,0.00054205986583079,0.00161467740766713
"G",0.00364297356144987,0.00107652828637692,0.00293765928136618,0.0033079531124734,0.00254175390758144,0.00395399277432435,0.00125596244765066,0.00307867612862362,0.00337888328306237,0.00397584693499231,0.00127137538201648,0.00274334895458514,0.00238256360040012,0.00214546512746918,0.00276328608361555,0.00466375456780713,0.00317337749151809,0.00332198578406019,0.000648416781081505,0.00197185874237357
"H",0.00125711266663318,0.000510007096851122,0.0011474584569659,0.00135587813659924,0.00122467649132601,0.00131922449168948,0.000903381988874315,0.00130442500744767,0.00115397636453353,0.00216800941952665,0.000506403077372547,0.00105659115734651,0.0012338782431862,0.00117905113835256,0.00141001511004337,0.00181466214809529,0.00114814858835541,0.00158178114476694,0.000280730113001347,0.00080615014421829
"I",0.00391848934839711,0.00128709504144431,0.00353247585786207,0.00395192238015581,0.00297147571945239,0.00330580603703935,0.00137121438969956,0.00335319505911934,0.00302108849823192,0.00526646931464969,0.00121823526502387,0.00259842136278712,0.00318695007551188,0.00235058751268596,0.00317682814846567,0.00486642315252786,0.00324346416818655,0.00404439998635073,0.000645349530461441,0.00185507317501464
"K",0.00348746395501264,0.0013058052702267,0.00327375326805968,0.00460724047513246,0.00249980925535206,0.00244605568823545,0.00134698310980105,0.00386389228735998,0.00537428317394493,0.00557595490221413,0.00171528322800523,0.00335909951656296,0.00287286361201733,0.00246760312384139,0.00356590888962077,0.00480078398925849,0.00373836505573386,0.00349298500612875,0.000762288460351377,0.00197262555502858
"L",0.00568591583694342,0.00161237696970208,0.00443424754016085,0.00573414835294393,0.00395982055050247,0.00394425425360565,0.00205237407115025,0.00515719851130991,0.00571781524339209,0.00738133861718373,0.00197622957450716,0.00410827548051357,0.00440158132105717,0.00366398422819731,0.00464259053852869,0.00661368246824725,0.00481911081171337,0.00508780196603097,0.00081910927808806,0.00233563466591315
"M",0.00177678160293751,0.000512844303674681,0.00142412446289566,0.0017910443183208,0.00117191978066091,0.00119975508003799,0.000562533763719716,0.00157365293062378,0.00176635295082929,0.00218794654855707,0.000815428577343983,0.00137926592257723,0.00120849674430517,0.00104876966826534,0.0014258114507367,0.00228326136157555,0.00158001747566041,0.00145065618075921,0.000261253071563941,0.000749942776605619
"N",0.0029526888094045,0.000972011721498245,0.00264872427295617,0.00318012544288223,0.0021896335363981,0.00349137469955322,0.00110773756143607,0.00275324083783484,0.00244697586342146,0.00405597885744148,0.00110344341056798,0.00235089423774796,0.00226784842720973,0.00209431872337962,0.00251767599021394,0.00403067403982595,0.00246530268587635,0.00319047741372495,0.000533394882829109,0.00165539515964848
"P",0.00354980582386543,0.000722184158494041,0.00242121095821293,0.00333785880601902,0.00194816423133358,0.00281435580643962,0.00101687026181668,0.00299279311126183,0.0029481646147399,0.00382777541130872,0.00121754513363436,0.00230151150276493,0.00374066549369891,0.00225926012547355,0.00242052082682341,0.00472249241718136,0.00371881133303095,0.00337182860663623,0.000399509393263321,0.00137274801500959
"Q",0.00256843898797599,0.000913043828327516,0.00167724932031643,0.00253163198053523,0.00189310708270343,0.00175830141795162,0.00113879347396422,0.00249083754728838,0.00305789550567269,0.00408013345607448,0.00128264752804521,0.00230335185313697,0.00226370763887265,0.00296028025468916,0.00231301369259017,0.00300682578284862,0.00226570135177569,0.00230419534705749,0.000506249714841544,0.00135549473027173
"R",0.00312637187576561,0.000978682991596883,0.00274181532927511,0.00344329554608372,0.00224047321542566,0.00260984687134686,0.00137949596637373,0.00315535739412522,0.00391250820968799,0.00449344547712809,0.00129568334318049,0.00276880713473167,0.00241323610660076,0.00237573896777048,0.00380040019952465,0.00413503724217362,0.0027509403998698,0.00307714250331359,0.000564220751560751,0.00154044994266158
"S",0.00547588585073455,0.00153607911052799,0.00438455808011582,0.00505889312893686,0.00344160855824268,0.00466812539994073,0.00174480551522334,0.00476949803293384,0.00451161893705197,0.00648271086677052,0.00189701782724401,0.0038796119467878,0.00434568067850651,0.0032600273215349,0.00420305352467354,0.00820903619700797,0.00600207269460651,0.00489824587771102,0.000786596421515383,0.00220926394036651
"T",0.00397960431700189,0.00129529993685298,0.00298083083384358,0.00357610749793248,0.00253722971291684,0.00318273260590929,0.00115796379033962,0.00378153660821126,0.00312123423097701,0.00474212282114977,0.00136669019503496,0.00260478590782375,0.00364282019891887,0.00205774175973536,0.00265171484231073,0.00565869398769036,0.00443363409003684,0.00430227908223261,0.000641745510982866,0.00170539134475552
"V",0.0043114808340928,0.00128816857916133,0.00363009110884561,0.00451023867427294,0.00300023119401549,0.00312238444995953,0.001488230000855,0.00380446430659624,0.00371221674419782,0.00543639499900123,0.00135825525582979,0.00280139667256985,0.00328333842624738,0.00259627428735307,0.003024922561507,0.00473100403765203,0.00374933047670059,0.00407545589887888,0.000655548138773153,0.00191342761806135
"W",0.000603174834435563,0.000218694969210555,0.000548347729601921,0.000567364683446317,0.000543210084813314,0.000448125315591333,0.000250594375659219,0.000740127574621415,0.000851468772129734,0.000992025531794161,0.000338241062127545,0.000642512323637882,0.000395828692519244,0.00043547290678357,0.000600797715205013,0.000801702630819197,0.000689211214328355,0.000541676459503282,0.000160570569960344,0.00038601349053504
"Y",0.00173621721348716,0.000733532985788278,0.00176405251286424,0.00189295372017243,0.0016228056218103,0.00192738360838264,0.000801472587022693,0.00170301422552497,0.00158630533943154,0.00267195869640315,0.000703243885915147,0.0014837824874559,0.00139567571339457,0.00135327097357219,0.0017046245321005,0.00239943347881047,0.00167241840058983,0.00179533846918889,0.000416225909142669,0.00115842387793263
