"","A","C","D","E","F","G","H","I","K","L","M","N","P","Q","R","S","T","V","W","Y"
"A",10821,2239,7864,9108,6907,8387,3449,11021,11529,15868,3464,9354,7133,6288,7258,15495,10779,9570,1511,5186
"C",2016,935,1993,1884,2226,2517,1026,2905,2329,4239,764,1878,1731,1517,1670,3565,2099,2358,482,1459
"D",9248,2014,12194,14794,8082,8479,3322,12981,10441,16616,3323,9592,7262,5107,6248,14701,8988,10221,1887,6193
"E",10214,1993,12827,15551,7993,8066,3621,12827,16024,18677,3725,13229,6210,7571,8891,14678,10846,10133,1869,6598
"F",7161,1899,8001,8236,6743,7501,3253,9331,9112,13509,2436,7917,5832,5951,5191,11405,7741,7607,1575,4960
"G",8304,2276,8012,8459,6828,8712,3350,10297,11035,13674,3035,8773,5031,4944,6261,13936,9027,8869,1790,5404
"H",3209,1046,3732,3789,3014,3475,2090,4329,3945,6622,1100,3634,3446,2503,3115,5977,3531,3514,779,2472
"I",10827,2938,11840,12127,9316,9383,4388,12495,13803,19266,3716,11806,9939,7190,8467,18047,11403,11129,2270,6459
"K",10894,2526,12345,15920,9820,8904,4412,14482,18464,21049,3868,13612,8885,8218,11996,16988,11951,11785,2305,8193
"L",15917,4141,15888,17979,13017,13487,6567,17606,22301,26647,5174,17340,14434,13059,13453,25399,15830,15309,2747,9376
"M",4104,779,3905,4079,2655,3474,1193,4010,4763,5504,1406,4037,2401,2269,2645,5752,4009,3731,572,1808
"N",9603,2231,12058,12713,7848,10389,3721,12312,12865,15489,3317,12782,7274,5863,6828,17676,10552,10321,1993,6083
"P",6781,1266,6511,8571,5956,5742,3098,8718,8621,12855,2439,7506,6700,5897,5435,13070,8382,7840,1348,4290
"Q",5803,1410,6258,8228,5250,5122,2704,7336,8185,12152,2292,7087,4838,6953,5999,8715,5987,5977,1254,4362
"R",6827,1827,7275,8184,5910,6485,3151,8744,11064,12836,2536,8274,5107,5288,7847,11257,7464,6767,1449,4754
"S",14592,3237,13929,14020,11871,13115,5797,17120,19597,25697,5226,17490,11935,10554,11955,28289,18881,14063,2477,7824
"T",10501,2099,9096,9920,7927,9128,3570,11458,12411,16507,3042,11012,9144,5865,7179,17433,11967,10749,1884,5240
"V",10109,2426,9969,10426,7614,8668,3583,10733,11509,16095,3076,9194,8677,5916,7063,14884,9914,9787,1667,5580
"W",1562,710,1959,1910,1599,1520,678,1938,2641,2999,573,2009,947,1136,1527,2702,1537,1838,435,1157
"Y",5079,1717,6362,6061,5138,5631,2551,6648,6734,10082,2018,5850,4260,4122,4344,8163,5510,5678,1201,4211
